x,red_series,green_series,blue_series
0.0000,50.0000,65.0000,20.0000
0.2000,55.9601,64.6807,23.3642
0.4000,61.6826,63.7309,26.5171
0.6000,66.9393,62.1749,29.2666
0.8000,71.5207,60.0524,31.4563
1.0000,75.2441,57.4177,32.9800
1.2000,77.9612,54.3380,33.7908
1.4000,79.5635,50.8921,33.9057
1.6000,79.9872,47.1679,33.4037
1.8000,79.2154,43.2606,32.4190
2.0000,77.2789,39.2700,31.1290
2.2000,74.2549,35.2981,29.7380
2.4000,70.2639,31.4463,28.4598
2.6000,65.4650,27.8129,27.4979
2.8000,60.0496,24.4910,27.0274
3.0000,54.2336,21.5652,27.1798
3.2000,48.2488,19.1103,28.0307
3.4000,42.3338,17.1890,29.5935
3.6000,36.7244,15.8505,31.8179
3.8000,31.6443,15.1289,34.5945
4.0000,27.2959,15.0426,37.7647
4.2000,23.8527,15.5939,41.1345
4.4000,21.4519,16.7686,44.4923
4.6000,20.1893,18.5368,47.6275
4.8000,20.1151,20.8533,50.3493
5.0000,21.2323,23.6589,52.5040
5.2000,23.4964,26.8819,53.9883
5.4000,26.8171,30.4401,54.7591
5.6000,31.0620,34.2424,54.8368
5.8000,36.0619,38.1919,54.3038
6.0000,41.6175,42.1875,53.2969
6.2000,47.5073,46.1272,51.9956
6.4000,53.4965,49.9104,50.6054
6.6000,59.3462,53.4405,49.3397
6.8000,64.8234,56.6272,48.4010
7.0000,69.7096,59.3891,47.9624
7.2000,73.8100,61.6558,48.1525
7.4000,76.9612,63.3692,49.0436
7.6000,79.0376,64.4857,50.6454
7.8000,79.9563,64.9767,52.9041
8.0000,79.6807,64.8296,55.7074
8.2000,78.2219,64.0483,58.8941
8.4000,75.6380,62.6526,62.2690
8.6000,72.0319,60.6782,65.6198
8.8000,67.5475,58.1757,68.7366
9.0000,62.3636,55.2088,71.4303
9.2000,56.6867,51.8534,73.5496
9.4000,50.7433,48.1952,74.9945
9.6000,44.7702,44.3276,75.7253
9.8000,39.0056,40.3495,75.7660
10.0000,33.6794,36.3625,75.2023
